지점,일시,기온(°C),누적강수량(mm),풍향(deg),풍속(m/s),현지기압(hPa),해면기압(hPa),습도(%),일사(MJ/m^2),일조(Sec)
129,2018-01-01 0:00,-2.1,0,70,1.1,1023.6,1027.3,70,0,0
129,2018-01-01 1:00,-3.5,0,90,1,1023.5,1027.2,79,0,0
129,2018-01-01 2:00,-4.3,0,0,0.4,1023.5,1027.3,86,0,0
129,2018-01-01 3:00,-5.1,0,0,0.2,1023.8,1027.6,89,0,0
129,2018-01-01 4:00,-5.6,0,20,0.6,1023.8,1027.6,90,0,0
129,2018-01-01 5:00,-5.3,0,0,0.1,1023.8,1027.6,88,0,0
129,2018-01-01 6:00,-5.9,0,90,0.7,1023.8,1027.6,88,0,0
129,2018-01-01 7:00,-6.5,0,110,0.5,1024.2,1028,91,0,0
129,2018-01-01 8:00,-6.5,0,110,1.1,1024.7,1028.5,91,0,0
129,2018-01-01 9:00,-4.3,0,0,0,1025.1,1028.9,87,0.18,2520
129,2018-01-01 10:00,-1.5,0,270,0.5,1025.9,1029.6,71,0.45,3600
129,2018-01-01 11:00,1.4,0,250,1.3,1026.3,1030,59,0.9,3600
129,2018-01-01 12:00,2.3,0,250,0.7,1025.8,1029.5,42,1.2,3600
129,2018-01-01 13:00,2.6,0,160,0.8,1025.1,1028.8,42,1.32,3600
129,2018-01-01 14:00,3,0,200,1.7,1024.5,1028.2,44,1.63,3600
129,2018-01-01 15:00,3.7,0,200,2.2,1024.4,1028,44,0.6,3600
129,2018-01-01 16:00,3.5,0,230,2,1024.6,1028.2,46,0.48,3600
129,2018-01-01 17:00,2.4,0,200,2,1025.1,1028.8,53,0.19,3600
129,2018-01-01 18:00,0.8,0,180,1.5,1025.1,1028.8,59,0,0
129,2018-01-01 19:00,-1.4,0,0,0.2,1025.3,1029,74,0,0
129,2018-01-01 20:00,-2.1,0,0,0.1,1025.5,1029.2,81,0,0
129,2018-01-01 21:00,-3,0,0,0,1025.7,1029.4,84,0,0
129,2018-01-01 22:00,-3.2,0,0,0,1026,1029.7,85,0,0
129,2018-01-01 23:00,-3.6,0,0,0,1025.9,1029.7,87,0,0
129,2018-01-02 0:00,-4.1,0,0,0,1025.9,1029.7,90,0,0
129,2018-01-02 1:00,-4.2,0,0,0.3,1025.9,1029.7,91,0,0
129,2018-01-02 2:00,-4.8,0,0,0.1,1026.1,1029.9,92,0,0
129,2018-01-02 3:00,-4.7,0,0,0,1026.2,1030,93,0,0
129,2018-01-02 4:00,-4.8,0,0,0.1,1025.5,1029.3,93,0,0
129,2018-01-02 5:00,-5.3,0,50,0.6,1025.3,1029.1,94,0,0
129,2018-01-02 6:00,-4.7,0,0,0,1025.8,1029.6,95,0,0
129,2018-01-02 7:00,-5.2,0,70,0.6,1025.7,1029.5,94,0,0
129,2018-01-02 8:00,-4.8,0,0,0,1026,1029.8,95,0,0
129,2018-01-02 9:00,-2.5,0,50,0.5,1026.1,1029.8,95,0.04,0
129,2018-01-02 10:00,-0.1,0,20,1.9,1027,1030.7,90,0.09,0
129,2018-01-02 11:00,0.7,0,20,2.8,1027.2,1030.9,63,0.22,0
129,2018-01-02 12:00,1.3,0,20,1.5,1026.6,1030.3,58,0.26,0
129,2018-01-02 13:00,2.1,0,360,2.8,1025.9,1029.6,55,0.42,1440
129,2018-01-02 14:00,2.6,0,360,2.4,1025.6,1029.3,47.9,0.47,2880
129,2018-01-02 15:00,2,0,20,2.2,1025.3,1029,38.6,0.46,2880
129,2018-01-02 16:00,1.5,0,360,1.6,1026,1029.7,44,0.37,3600
129,2018-01-02 17:00,0.5,0,320,2.4,1026.8,1030.5,45,0.13,360
129,2018-01-02 18:00,-0.2,0,340,1.8,1027,1030.7,45,0.01,0
129,2018-01-03 8:00,-5.9,0,360,0.9,1029,1032.8,76,0,0
129,2018-01-03 9:00,-3.4,0,70,0.7,1029.2,1033,63,0.13,2520
129,2018-01-03 10:00,-1.7,0,340,2,1029.6,1033.3,59,0.44,3600
129,2018-01-03 11:00,-0.9,0,340,3.4,1029.9,1033.6,57,0.69,3600
129,2018-01-03 12:00,-0.4,0,360,3.2,1029,1032.7,53,0.85,3600
129,2018-01-03 13:00,-0.8,0,320,4.7,1028.4,1032.1,57,0.94,3600
129,2018-01-03 14:00,-0.5,0,320,3.8,1027.8,1031.5,56,0.94,3600
129,2018-01-03 15:00,-0.5,0,320,3.3,1027.6,1031.3,55,0.79,3600
129,2018-01-03 16:00,-1.2,0,320,3.8,1028,1031.7,59,0.49,3600
129,2018-01-03 17:00,-1.8,0,320,2.7,1027.6,1031.3,59,0.26,3600
129,2018-01-03 18:00,-2.5,0,320,1.9,1027.8,1031.5,64,0.01,0
129,2018-01-03 19:00,-2.8,0,290,1.3,1028.1,1031.9,65,0,0
129,2018-01-03 20:00,-3.9,0,180,1.5,1027.8,1031.6,72,0,0
129,2018-01-03 21:00,-4.3,0,180,0.8,1027.7,1031.5,78,0,0
129,2018-01-03 22:00,-4.2,0,0,0.4,1028,1031.8,81,0,0
129,2018-01-03 23:00,-2.7,0,340,3.3,1028.4,1032.1,67,0,0
129,2018-01-04 0:00,-3.3,0,340,2.8,1028.3,1032.1,65,0,0
129,2018-01-04 1:00,-3.9,0,360,2.9,1027.8,1031.6,64,0,0
129,2018-01-04 2:00,-4.7,0,50,1.4,1027.8,1031.6,62,0,0
129,2018-01-04 3:00,-5.1,0,50,0.9,1028.4,1032.2,60,0,0
129,2018-01-04 4:00,-5.2,0,50,1.1,1028.4,1032.2,59,0,0
129,2018-01-04 5:00,-5.2,0,70,1,1027.7,1031.5,59,0,0
129,2018-01-04 6:00,-5.8,0,50,1.1,1026.9,1030.7,65,0,0
129,2018-01-04 7:00,-5.7,0,70,0.9,1027.1,1030.9,62,0,0
129,2018-01-04 8:00,-6.6,0,0,0.1,1026.8,1030.6,73,0,0
129,2018-01-04 9:00,-5.6,0,0,0.1,1027,1030.8,71,0.11,1800
129,2018-01-04 10:00,-3.7,0,360,1.3,1027,1030.8,60,0.31,3600
129,2018-01-04 11:00,-3.1,0,20,1.9,1026.4,1030.1,55,0.53,3600
129,2018-01-04 12:00,-2,0,20,2.5,1025.4,1029.1,52,0.77,3600
129,2018-01-04 13:00,-1,0,360,2.1,1023.9,1027.6,52,0.8,3600
129,2018-01-04 16:00,-2.5,0,360,2.3,1023.3,1027,53,0,0
129,2018-01-04 17:00,-3,0,20,1.8,1022.9,1026.6,56,0.09,0
129,2018-01-04 18:00,-3.1,0,340,1.1,1022.9,1026.6,58,0,0
129,2018-01-04 19:00,-3.4,0,20,0.7,1022.3,1026,60,0,0
129,2018-01-04 20:00,-3.5,0,70,1,1022.3,1026,60,0,0
129,2018-01-04 21:00,-3.5,0,0,0.4,1021.8,1025.5,61,0,0
129,2018-01-04 22:00,-3.8,0,0,0,1022,1025.7,69,0,0
129,2018-01-04 23:00,-4.2,0,50,0.6,1021,1024.7,68,0,0
129,2018-01-05 0:00,-4.6,0,0,0.2,1020.5,1024.2,75,0,0
129,2018-01-05 1:00,-4.7,0,0,0.3,1020.4,1024.2,74,0,0
129,2018-01-05 2:00,-5.4,0,0,0,1020,1023.8,77,0,0
129,2018-01-05 3:00,-5.2,0,0,0.1,1020,1023.8,82,0,0
129,2018-01-05 4:00,-5.5,0,90,1.1,1019.6,1023.4,82,0,0
129,2018-01-05 5:00,-5.8,0,0,0,1019.4,1023.2,85,0,0
129,2018-01-05 6:00,-5.5,0,70,0.6,1019,1022.8,81,0,0
129,2018-01-05 7:00,-6.2,0,0,0.3,1019.1,1022.9,85,0,0
129,2018-01-05 8:00,-5.1,0,0,0.3,1019.1,1022.8,82,0,0
129,2018-01-05 9:00,-4.7,0,0,0.4,1019.4,1023.1,84,0.07,0
129,2018-01-05 10:00,-2.6,0,0,0.4,1019.5,1023.2,70,0.31,2160
129,2018-01-05 11:00,-0.2,0,290,2,1019.6,1023.3,62,0.51,3240
129,2018-01-05 12:00,1.4,0,320,2.5,1018.7,1022.4,59,0.65,3600
129,2018-01-05 13:00,1.8,0,320,4.4,1017.8,1021.4,49,1.05,3600
129,2018-01-05 14:00,1.7,0,340,3.5,1017.1,1020.7,58,0.82,3600
129,2018-01-05 15:00,1.4,0,290,4.7,1017.6,1021.3,59,0.49,3240
129,2018-01-05 16:00,0.8,0,320,3.1,1017.5,1021.2,64,0.22,3240
129,2018-01-05 17:00,0.8,0,290,3.1,1017.7,1021.4,66,0.11,2160
129,2018-01-05 18:00,0.5,0,290,3.9,1017.8,1021.5,66,0,0
129,2018-01-05 19:00,-0.3,0,320,1.3,1017.7,1021.4,67,0,0
129,2018-01-05 20:00,-1.5,0,250,0.6,1017.7,1021.4,74,0,0
129,2018-01-05 21:00,-2,0,200,0.7,1017.9,1021.6,79,0,0
129,2018-01-05 22:00,-2.7,0,0,0.4,1018.1,1021.8,82,0,0
129,2018-01-05 23:00,-2.6,0,180,1.3,1018.6,1022.3,80,0,0
129,2018-01-06 0:00,-1.4,0,340,1.3,1018.7,1022.4,69,0,0
129,2018-01-06 1:00,-1.6,0,340,1,1019.3,1023,62,0,0
129,2018-01-06 2:00,-2.7,0,250,0.7,1019.6,1023.3,68,0,0
129,2018-01-06 3:00,-3.4,0,90,1.1,1020,1023.7,69,0,0
129,2018-01-06 4:00,-4.7,0,110,1.5,1020.2,1024,82,0,0
129,2018-01-06 5:00,-6.5,0,20,0.5,1020.3,1024.1,88,0,0
129,2018-01-06 6:00,-7.4,0,70,0.8,1020.3,1024.1,88,0,0
129,2018-01-06 7:00,-7.4,0,0,0.3,1020.7,1024.5,88,0,0
129,2018-01-06 8:00,-7.9,0,0,0.1,1020.8,1024.6,88,0,0
129,2018-01-06 9:00,-5.1,0,0,0.2,1021.3,1025.1,87,0.2,2520
129,2018-01-06 10:00,-0.8,0,0,0.4,1022,1025.7,66,0.64,3600
129,2018-01-06 11:00,1.4,0,320,3.5,1022.2,1025.9,57,0.91,3600
129,2018-01-06 12:00,2,0,320,3.1,1021.6,1025.3,49,0.91,3600
129,2018-01-06 13:00,2.4,0,320,3.9,1020.8,1024.4,47,0.99,3600
129,2018-01-06 14:00,2.7,0,340,3.2,1020.2,1023.8,41,0.95,3600
129,2018-01-06 15:00,2.7,0,360,2.7,1020.2,1023.8,48,0.81,3600
129,2018-01-06 16:00,2.1,0,20,2.3,1020.4,1024.1,45,0.54,3600
129,2018-01-06 17:00,0.9,0,360,1.6,1020.4,1024.1,55,0.25,3600
129,2018-01-06 18:00,-0.8,0,290,1.8,1020.8,1024.5,62,0.02,0
129,2018-01-06 19:00,-2.2,0,90,1.3,1021.4,1025.1,67,0,0
129,2018-01-06 20:00,-3.9,0,230,0.5,1022.1,1025.8,80,0,0
129,2018-01-06 21:00,-4.7,0,0,0.4,1022.2,1026,81,0,0
129,2018-01-06 22:00,-4.9,0,70,1.2,1022.1,1025.9,81,0,0
129,2018-01-06 23:00,-5.9,0,50,0.6,1022.4,1026.2,87,0,0
129,2018-01-07 0:00,-5.9,0,70,0.8,1022.1,1025.9,86,0,0
129,2018-01-07 1:00,-6.7,0,0,0.1,1021.7,1025.5,89,0,0
129,2018-01-07 2:00,-7.2,0,180,0.5,1021.8,1025.6,89,0,0
129,2018-01-07 3:00,-7.2,0,340,0.7,1021.7,1025.5,90,0,0
129,2018-01-07 4:00,-7.2,0,70,1.2,1020.6,1024.4,88,0,0
129,2018-01-07 5:00,-4.3,0,50,1.4,1019.8,1023.5,72,0,0
129,2018-01-07 6:00,-5.7,0,0,0.4,1020.5,1024.3,79,0,0
129,2018-01-07 7:00,-5,0,20,1,1019.8,1023.6,75,0,0
129,2018-01-07 8:00,-3.4,0,20,1.5,1019.7,1023.4,64,0,0
129,2018-01-07 9:00,-4.4,0,180,2.5,1021,1024.7,77,0.09,1080
129,2018-01-07 10:00,-2.8,0,0,0.2,1021.3,1025,76,0.2,0
129,2018-01-07 11:00,-0.7,0,270,0.6,1020.9,1024.6,58,0.53,2880
129,2018-01-07 12:00,0.3,0,230,1,1019.9,1023.6,55,0.35,720
129,2018-01-07 13:00,1.2,0,110,1,1018.5,1022.2,50,0.27,0
129,2018-01-07 14:00,2.2,0,50,0.6,1017.5,1021.1,40,0.32,0
129,2018-01-07 15:00,2.3,0,90,1.6,1016.7,1020.3,45,0.26,0
129,2018-01-07 16:00,1.6,0,70,2.1,1016.5,1020.1,50,0.14,0
129,2018-01-07 17:00,1.1,0,20,1,1016.9,1020.6,50,0.05,0
129,2018-01-07 18:00,0.7,0,360,0.5,1016.9,1020.6,52,0.01,0
129,2018-01-07 19:00,0.6,0,50,1.1,1016.5,1020.2,51,0,0
129,2018-01-07 20:00,0.4,0,360,0.7,1016.4,1020.1,58,0,0
129,2018-01-07 21:00,0.3,0,0,0.1,1016.2,1019.9,59,0,0
129,2018-01-07 22:00,0.2,0,90,0.6,1016.1,1019.8,63,0,0
129,2018-01-07 23:00,0.4,0,70,0.8,1015.8,1019.5,60,0,0
129,2018-01-08 0:00,0.5,0,70,0.6,1015.1,1018.8,59,0,0
129,2018-01-08 1:00,0.8,0,70,1.1,1013.9,1017.5,57,0,0
129,2018-01-08 2:00,0.8,0,50,0.9,1013.1,1016.7,57,0,0
129,2018-01-08 3:00,0.7,0,50,0.6,1012.7,1016.3,61,0,0
129,2018-01-08 4:00,0.7,0,20,1.8,1012.5,1016.1,63,0,0
129,2018-01-08 5:00,-0.3,0,110,1.7,1011.5,1015.2,81,0,0
129,2018-01-08 6:00,-0.7,0.2,0,0.4,1011.3,1015,90,0,0
129,2018-01-08 7:00,-0.8,0.2,110,1.1,1011,1014.7,91,0,0
129,2018-01-08 8:00,-0.6,0.2,0,0.3,1010.7,1014.4,89,0,0
129,2018-01-08 9:00,-0.5,0.2,200,0.8,1011.3,1015,90,0.03,0
129,2018-01-08 10:00,0.3,0.2,180,0.8,1011.2,1014.8,85,0.16,0
129,2018-01-08 11:00,1.2,0.2,230,0.7,1010,1013.6,84,0.25,0
129,2018-01-08 12:00,1.5,0.2,230,1.6,1009.6,1013.2,78,0.3,0
129,2018-01-08 13:00,2.4,0.2,180,1.8,1008.1,1011.7,72,0.3,0
129,2018-01-08 14:00,2.9,0.2,160,1.6,1006.7,1010.3,68,0.3,0
129,2018-01-08 15:00,3.9,0.2,230,2.6,1006.6,1010.2,58,0.56,2520
129,2018-01-08 16:00,3.1,0.2,200,3.1,1006.5,1010.1,65,0.16,0
129,2018-01-08 17:00,1.5,0.2,250,2.9,1006.6,1010.2,90,0.02,0
129,2018-01-08 18:00,0.7,1.3,230,1.4,1006.1,1009.7,97,0,0
129,2018-01-08 19:00,2.2,1.3,270,4,1006.8,1010.4,91,0,0
129,2018-01-08 20:00,2.4,1.3,270,4.9,1007.2,1010.8,73,0,0
129,2018-01-08 21:00,1.9,1.5,290,5.3,1007.5,1011.1,68,0,0
129,2018-01-08 22:00,-0.2,1.5,290,6.7,1008.3,1011.9,88,0,0
129,2018-01-08 23:00,-1,1.5,290,5.8,1008,1011.7,91,0,0
129,2018-01-09 0:00,-0.5,2.2,290,7.4,1008.4,1012,67,0,0
129,2018-01-09 1:00,-1.6,0,290,5.2,1008.6,1012.3,81,0,0
129,2018-01-09 2:00,-2.2,0,290,6.2,1008.7,1012.4,91,0,0
129,2018-01-09 3:00,-2.2,1.6,290,5.4,1008.8,1012.5,88,0,0
129,2018-01-09 4:00,-2.3,1.6,320,4,1009.2,1012.9,88,0,0
129,2018-01-09 5:00,-2.4,1.6,320,4.2,1009.4,1013.1,69,0,0
129,2018-01-09 6:00,-2,2.4,320,4.5,1009.8,1013.5,67,0,0
129,2018-01-09 7:00,-2.6,2.4,290,5.3,1010.4,1014.1,69,0,0
129,2018-01-09 8:00,-2.8,2.4,290,3.1,1011.2,1014.9,70,0,0
129,2018-01-09 9:00,-2.3,2.4,320,3.8,1012,1015.7,70,0.1,720
129,2018-01-09 10:00,-2.7,2.4,320,2.5,1012.6,1016.3,83,0.23,720
129,2018-01-09 11:00,-1.7,2.4,290,3.9,1012.9,1016.6,80,0.5,2520
129,2018-01-09 12:00,-0.6,3.1,290,3.9,1012.1,1015.8,66,0.83,3600
129,2018-01-09 13:00,-0.9,3.1,290,2.5,1011.9,1015.6,76,0.52,2880
129,2018-01-09 14:00,-0.2,3.1,290,4.5,1011.9,1015.6,69,0.71,3240
129,2018-01-09 15:00,-1.4,3.7,320,5.6,1011.9,1015.6,83,0.5,3240
129,2018-01-09 16:00,-0.6,3.7,320,3.1,1012,1015.7,71,0.36,1800
129,2018-01-09 17:00,-1.4,3.7,320,3.1,1012.2,1015.9,69,0.21,2880
129,2018-01-09 18:00,-2.8,3.7,200,0.5,1012.4,1016.1,83,0.02,0
129,2018-01-09 19:00,-2.5,3.7,160,1.1,1012.5,1016.2,81,0,0
129,2018-01-09 20:00,-2.6,3.7,180,2,1012.1,1015.8,85,0,0
129,2018-01-09 21:00,-3,4.3,290,0.7,1012.2,1015.9,95,0,0
129,2018-01-09 22:00,-4.8,4.3,360,0.6,1011.8,1015.5,96,0,0
129,2018-01-09 23:00,-2.6,4.3,250,2.6,1011.5,1015.2,97,0,0
129,2018-01-10 0:00,-1.6,11.1,320,4.2,1011.2,1014.9,97,0,0
129,2018-01-10 1:00,-1.5,0,290,5.4,1010.4,1014.1,88,0,0
129,2018-01-10 2:00,-2.9,0,340,3.8,1011.6,1015.3,92,0,0
129,2018-01-10 3:00,-3.9,2.5,360,3.9,1012.3,1016,88,0,0
129,2018-01-10 4:00,-5.1,2.5,50,1.1,1013,1016.7,85,0,0
129,2018-01-10 5:00,-6.4,2.5,70,1,1012.8,1016.5,86,0,0
129,2018-01-10 6:00,-9.5,2.5,0,0.2,1013.1,1016.9,93,0,0
129,2018-01-10 7:00,-9.8,2.5,0,0.2,1013.8,1017.6,93,0,0
129,2018-01-10 8:00,-7.8,2.5,70,0.9,1014.4,1018.2,94,0,0
129,2018-01-10 9:00,-5.3,2.5,50,0.9,1015.4,1019.1,74,0.03,0
129,2018-01-10 10:00,-4.1,2.5,360,2.3,1015.9,1019.6,63,0.09,0
129,2018-01-10 11:00,-3.8,2.5,320,4.3,1015.8,1019.5,62,0.15,0
129,2018-01-10 12:00,-4.1,2.5,340,3.4,1015.6,1019.3,65,0.18,0
129,2018-01-10 13:00,-3.6,2.5,320,4.8,1015.1,1018.8,61,0.25,0
129,2018-01-10 14:00,-4.1,2.5,320,4.6,1015.3,1019,68,0.28,0
129,2018-01-10 15:00,-4,2.5,320,5.6,1015.7,1019.4,59,0.26,0
129,2018-01-10 16:00,-4.7,2.5,340,4.6,1016.6,1020.3,63,0.22,720
129,2018-01-10 17:00,-5.5,2.5,320,5.4,1017.3,1021,64,0.14,720
129,2018-01-10 18:00,-5.7,2.5,320,4.7,1018,1021.8,59,0.01,0
129,2018-01-10 19:00,-6,2.5,320,3.2,1018.7,1022.5,61,0,0
129,2018-01-10 20:00,-6,2.5,340,3.1,1019.6,1023.4,58,0,0
129,2018-01-10 21:00,-6.4,2.5,340,2.8,1020.2,1024,61,0,0
129,2018-01-10 22:00,-6.6,2.5,340,4.3,1020.6,1024.4,58,0,0
129,2018-01-10 23:00,-6.6,2.5,340,2.5,1020.6,1024.4,58,0,0
129,2018-01-11 0:00,-7,2.5,340,3,1020.7,1024.5,61,0,0
129,2018-01-11 1:00,-7,0,340,4.1,1020.8,1024.6,59,0,0
129,2018-01-11 2:00,-7.3,0,340,3.6,1021.2,1025,58,0,0
129,2018-01-11 3:00,-7.5,0,340,3.9,1021.6,1025.4,57,0,0
129,2018-01-11 4:00,-7.6,0,340,3.1,1021.9,1025.7,58,0,0
129,2018-01-11 5:00,-7.8,0,340,4.3,1021.9,1025.7,58,0,0
129,2018-01-11 6:00,-8,0,340,3.6,1022.2,1026,60,0,0
129,2018-01-11 7:00,-8.2,0,340,2.9,1022.7,1026.5,61,0,0
129,2018-01-11 8:00,-8.3,0,320,3.6,1023,1026.8,60,0,0
129,2018-01-11 9:00,-7.9,0,340,3.4,1023.5,1027.3,63,0.11,0
129,2018-01-11 10:00,-7.2,0,340,3.4,1024.2,1028,62,0.35,1440
129,2018-01-11 11:00,-6.9,0,340,4.1,1024.4,1028.2,60,0.56,2880
129,2018-01-11 12:00,-7,0,320,4.7,1024.5,1028.3,66,0.72,3240
129,2018-01-11 13:00,-7.3,0,320,5.7,1024.2,1028,68,0.75,2520
129,2018-01-11 14:00,-6.8,0,320,5.1,1024.2,1028,59,0.68,2160
129,2018-01-11 15:00,-6.9,0,320,5.1,1024.5,1028.3,58,0.68,3240
129,2018-01-11 16:00,-7.5,0,320,4.2,1024.6,1028.4,63,0.38,2880
129,2018-01-11 17:00,-7.6,0,320,4.9,1024.6,1028.4,64,0.15,0
129,2018-01-11 18:00,-7.8,0,320,4.6,1025.1,1028.9,60,0.02,0
129,2018-01-11 19:00,-7.9,0,320,4.5,1025.6,1029.4,61,0,0
129,2018-01-11 20:00,-8.3,0,340,3.5,1026.1,1029.9,67,0,0
129,2018-01-11 21:00,-8.7,0,360,3.5,1026.7,1030.5,66,0,0
129,2018-01-11 22:00,-8.8,0,360,4,1027.1,1030.9,64,0,0
129,2018-01-11 23:00,-9,0,360,3.5,1027.3,1031.1,67,0,0
129,2018-01-12 0:00,-9.3,0,360,3.4,1027.3,1031.1,68,0,0
129,2018-01-12 1:00,-9.3,0,340,2.6,1027.1,1030.9,72,0,0
129,2018-01-12 2:00,-9.1,0,340,2.6,1027.3,1031.1,67,0,0
129,2018-01-12 3:00,-9.2,0,340,2.5,1027.4,1031.2,68,0,0
129,2018-01-12 4:00,-9.7,0,50,1.8,1027.4,1031.2,70,0,0
129,2018-01-12 5:00,-9.7,0,340,3.3,1027.9,1031.8,62,0,0
129,2018-01-12 6:00,-9.9,0,360,2.8,1028.1,1032,67,0,0
129,2018-01-12 7:00,-10.5,0,50,1.3,1028.5,1032.4,70,0,0
129,2018-01-12 8:00,-10.3,0,20,1.5,1029.2,1033.1,68,0,0
129,2018-01-12 9:00,-9.1,0,340,2.3,1029.7,1033.5,64,0.16,2520
129,2018-01-12 10:00,-8,0,340,3.9,1030.2,1034,56,0.46,3600
129,2018-01-12 11:00,-7,0,340,2.8,1030.2,1034,56,0.78,3600
129,2018-01-12 12:00,-6.3,0,340,2.8,1029.9,1033.7,56,1,3600
129,2018-01-12 13:00,-6,0,340,3.6,1029.4,1033.2,58,1.03,3600
129,2018-01-12 14:00,-5.5,0,320,3.3,1029,1032.8,57,1.05,3600
129,2018-01-12 15:00,-5,0,340,2.6,1028.6,1032.4,54,0.89,3600
129,2018-01-12 16:00,-4.8,0,340,2,1028.3,1032.1,51,0.61,3600
129,2018-01-12 17:00,-5.3,0,340,1.6,1028.1,1031.9,47,0.28,3600
129,2018-01-12 18:00,-7.5,0,200,0.6,1028.4,1032.2,63,0.03,360
129,2018-01-12 19:00,-8.9,0,0,0.1,1028.7,1032.5,69,0,0
129,2018-01-12 20:00,-8.3,0,0,0.1,1028.6,1032.4,71,0,0
129,2018-01-12 21:00,-7.8,0,0,0.3,1028.7,1032.5,73,0,0
129,2018-01-12 22:00,-8.6,0,0,0.4,1028.7,1032.5,75,0,0
129,2018-01-12 23:00,-7.6,0,200,0.7,1028.5,1032.3,73,0,0
129,2018-01-13 0:00,-6.9,0,20,0.8,1028.3,1032.1,78,0,0
129,2018-01-13 1:00,-6.6,0,20,0.8,1027.8,1031.6,84,0,0
129,2018-01-13 2:00,-6,0,50,0.9,1028.2,1032,88,0,0
129,2018-01-13 3:00,-6.1,0.6,0,0.4,1028.2,1032,91,0,0
129,2018-01-13 4:00,-5.8,0.6,0,0.4,1027.5,1031.3,93,0,0
129,2018-01-13 5:00,-5.6,0.6,50,0.6,1027.3,1031.1,93,0,0
129,2018-01-13 6:00,-5.3,1,90,0.7,1027.3,1031.1,93,0,0
129,2018-01-13 7:00,-5.5,1,90,0.7,1027.2,1031,93,0,0
129,2018-01-13 8:00,-4.7,1,70,0.9,1027.7,1031.5,92,0,0
129,2018-01-13 9:00,-4.2,1,0,0.1,1028.4,1032.2,90,0.04,0
129,2018-01-13 10:00,-3,1,0,0.3,1028.9,1032.7,83,0.22,2520
129,2018-01-13 11:00,-1.3,1,0,0.3,1029,1032.7,77,0.47,3600
129,2018-01-13 12:00,0.4,1,230,0.6,1028.7,1032.4,69,0.8,3600
129,2018-01-13 13:00,2.6,1,230,1.9,1028.6,1032.3,58,0.91,3600
129,2018-01-13 14:00,4,1,360,1.6,1028.3,1031.9,51,0.89,3600
129,2018-01-13 15:00,3.9,1,90,0.9,1028.3,1032,59,0.49,1800
129,2018-01-13 16:00,3.7,1,270,1.5,1028.3,1032,57,0.56,3600
129,2018-01-13 17:00,3.4,1,250,0.5,1028.1,1031.8,57,0.22,2880
129,2018-01-13 18:00,-0.3,1,140,0.6,1028.6,1032.3,79,0.02,360
129,2018-01-13 19:00,-1,1,70,1.6,1028.8,1032.5,81,0,0
129,2018-01-13 20:00,-1.7,1,70,1.2,1029,1032.7,83,0,0
129,2018-01-13 21:00,-3.6,1,0,0.3,1029.4,1033.2,91,0,0
129,2018-01-13 22:00,-4.4,1,0,0.3,1029.7,1033.5,93,0,0
129,2018-01-13 23:00,-4.8,1,0,0.2,1029.7,1033.5,95,0,0
129,2018-01-14 0:00,-5.3,1,0,0.2,1029.2,1033,95,0,0
129,2018-01-14 1:00,-5.6,0,70,0.5,1029,1032.8,95,0,0
129,2018-01-14 2:00,-6.3,0,50,0.7,1028.3,1032.1,94,0,0
129,2018-01-14 3:00,-6.2,0,0,0.2,1028.4,1032.2,94,0,0
129,2018-01-14 4:00,-5.8,0,0,0.1,1028.3,1032.1,95,0,0
129,2018-01-14 5:00,-7.3,0,0,0.2,1028.1,1031.9,94,0,0
129,2018-01-14 6:00,-7.3,0,50,0.5,1028.1,1031.9,95,0,0
129,2018-01-14 7:00,-7.6,0,0,0.2,1028.5,1032.3,95,0,0
129,2018-01-14 8:00,-7,0,50,0.5,1028.2,1032,95,0,0
129,2018-01-14 9:00,-4.5,0,0,0.2,1028,1031.8,95,0.15,2520
129,2018-01-14 10:00,-0.3,0,70,0.5,1028,1031.7,80,0.41,3600
129,2018-01-14 11:00,0.5,0,270,1.2,1028.1,1031.8,74,0.93,3600
129,2018-01-14 12:00,3.2,0,200,2.8,1027.3,1031,63,0.95,3600
129,2018-01-14 13:00,3.9,0,200,3.4,1025.9,1029.5,60,0.64,1800
129,2018-01-14 14:00,4.5,0,180,4,1024.6,1028.2,59,0.96,3600
129,2018-01-14 15:00,5,0,180,2,1023.9,1027.5,57,0.56,2880
129,2018-01-14 16:00,5.2,0,200,1.8,1023.6,1027.2,58,0.34,2520
129,2018-01-14 17:00,4.3,0,180,2.5,1023,1026.6,65,0.18,1440
129,2018-01-14 18:00,4.1,0,180,2.1,1022.8,1026.4,66,0.02,0
129,2018-01-14 19:00,2.5,0,200,0.5,1022.9,1026.6,78,0,0
129,2018-01-14 20:00,2.9,0,230,0.8,1022.6,1026.2,74,0,0
129,2018-01-14 21:00,3.2,0,180,1.6,1021.9,1025.5,73,0,0
129,2018-01-14 22:00,3.1,0,180,1.9,1021.6,1025.2,76,0,0
129,2018-01-14 23:00,2.5,0,200,1.8,1021.3,1024.9,80,0,0
129,2018-01-15 0:00,3.9,0,180,2.9,1021.6,1025.2,80,0,0
129,2018-01-15 1:00,4.5,0,180,3.2,1021.2,1024.8,78,0,0
129,2018-01-15 2:00,4.2,0,180,3.5,1021.2,1024.8,81,0,0
129,2018-01-15 3:00,4.2,0,180,2.9,1021.2,1024.8,83,0,0
129,2018-01-15 4:00,3.9,0,200,2.3,1021.1,1024.7,87,0,0
129,2018-01-15 5:00,3.9,0,200,2,1020.8,1024.4,89,0,0
129,2018-01-15 6:00,3.6,0,230,1.1,1020.7,1024.3,93,0,0
129,2018-01-15 7:00,3.4,0,180,1.4,1021.2,1024.8,95,0,0
129,2018-01-15 8:00,1.1,0,0,0.1,1021.6,1025.3,97,0,0
129,2018-01-15 9:00,1.6,0,0,0.1,1022.2,1025.9,98,0.1,0
129,2018-01-15 10:00,4.3,0,160,0.7,1022.6,1026.2,98,0.35,3600
129,2018-01-15 11:00,6.1,0,290,0.7,1023,1026.6,71,0.62,3600
129,2018-01-15 12:00,6.7,0,340,2.3,1022.5,1026.1,68,1.48,3600
129,2018-01-15 13:00,6.8,0,340,2.2,1021.9,1025.5,69,1.64,3600
129,2018-01-15 14:00,7.1,0,290,2.2,1020.7,1024.3,55,1.61,3600
129,2018-01-15 15:00,7,0,20,2,1019.7,1023.3,46,1.44,3600
129,2018-01-15 16:00,7.2,0,290,0.5,1020.1,1023.7,49,1.13,3600
129,2018-01-15 17:00,6,0,360,1.9,1020.5,1024.1,52,0.44,3240
129,2018-01-15 18:00,4.1,0,20,1,1020.4,1024,59,0.06,360
129,2018-01-15 19:00,2.7,0,360,0.6,1020.2,1023.8,65,0,0
129,2018-01-15 20:00,1.7,0,0,0.1,1020.1,1023.8,73,0,0
129,2018-01-15 21:00,1.2,0,0,0.1,1020,1023.7,78,0,0
129,2018-01-15 22:00,0.8,0,20,0.9,1020.3,1024,79,0,0
129,2018-01-15 23:00,-0.7,0,110,0.6,1019.7,1023.4,88,0,0
129,2018-01-16 0:00,-1.4,0,70,0.6,1019.1,1022.8,90,0,0
129,2018-01-16 1:00,-1.3,0,70,0.6,1019,1022.7,89,0,0
129,2018-01-16 2:00,-1.9,0,90,0.6,1018.3,1022,89,0,0
129,2018-01-16 3:00,-1.7,0,0,0.3,1018.6,1022.3,94,0,0
129,2018-01-16 4:00,-0.4,0,0,0.3,1017.9,1021.6,89,0,0
129,2018-01-16 5:00,-0.6,0,0,0.4,1017.9,1021.6,91,0,0
129,2018-01-16 6:00,-0.2,0,70,0.7,1017,1020.7,89,0,0
129,2018-01-16 7:00,-0.1,0,90,0.5,1017,1020.7,91,0,0
129,2018-01-16 8:00,0.5,0,50,0.9,1017,1020.7,88,0,0
129,2018-01-16 9:00,2.5,0,50,0.9,1017.5,1021.1,81,0.11,0
129,2018-01-16 10:00,3.5,0,110,1.8,1017,1020.6,75,0.41,0
129,2018-01-16 11:00,5.4,0,140,0.7,1016.9,1020.5,74,0.59,0
129,2018-01-16 12:00,6,0,70,1.1,1015.4,1019,75,0.41,0
129,2018-01-16 13:00,6.6,0,90,2.3,1013.9,1017.5,65,0.69,0
129,2018-01-16 14:00,6.9,0,20,1,1013.4,1017,60,0.43,0
129,2018-01-16 15:00,6.5,0,20,1.7,1013.6,1017.2,63,0.26,0
129,2018-01-16 16:00,5.9,0,20,1.9,1013.9,1017.5,67,0.19,0
129,2018-01-16 17:00,4.8,0,70,1.1,1013,1016.6,77,0.07,0
129,2018-01-16 18:00,3.6,0.2,270,0.5,1012.3,1015.9,88,0.03,0
129,2018-01-16 19:00,3.6,0.2,340,0.7,1012.3,1015.9,88,0,0
129,2018-01-16 20:00,4,0.2,20,0.7,1012.4,1016,84,0,0
129,2018-01-16 21:00,3.5,0.2,0,0.4,1012.6,1016.2,86,0,0
129,2018-01-16 22:00,3.4,0.2,50,1,1012.5,1016.1,87,0,0
129,2018-01-16 23:00,3.3,0.2,360,1.8,1012.7,1016.3,89,0,0
129,2018-01-17 0:00,3.2,0.2,20,1.5,1012.8,1016.4,90,0,0
129,2018-01-17 1:00,3.3,0,50,1.5,1012.6,1016.2,89,0,0
129,2018-01-17 2:00,3.1,0,20,1,1012.3,1015.9,90,0,0
129,2018-01-17 3:00,2.5,0.4,360,0.7,1012.9,1016.5,94,0,0
129,2018-01-17 4:00,2.5,0.4,20,1.4,1013.5,1017.1,94,0,0
129,2018-01-17 5:00,2.3,0.4,50,0.9,1013.5,1017.1,97,0,0
129,2018-01-17 6:00,2,2.1,0,0.4,1013.4,1017,98,0,0
129,2018-01-17 7:00,1.7,2.1,360,1.7,1013.2,1016.8,98,0,0
129,2018-01-17 8:00,1.8,2.1,70,1.6,1013.9,1017.5,98,0,0
129,2018-01-17 9:00,2.8,2.2,50,1.2,1014.3,1017.9,97,0.19,0
129,2018-01-17 10:00,3.4,2.2,340,1.4,1015.1,1018.7,96,0.36,360
129,2018-01-17 11:00,4.5,2.2,0,0.3,1015.5,1019.1,91,0.61,720
129,2018-01-17 12:00,5.4,2.2,180,0.8,1014.9,1018.5,86,1.42,3600
129,2018-01-17 13:00,6.7,2.2,250,1.3,1015.6,1019.2,81,1.53,3600
129,2018-01-17 14:00,7.1,2.2,320,2.8,1015.6,1019.2,77,0.6,720
129,2018-01-17 15:00,7.3,2.2,340,1.2,1014.5,1018.1,65,1.16,2520
129,2018-01-17 16:00,7.1,2.2,110,1.5,1012.9,1016.5,74,0.41,0
129,2018-01-17 17:00,6.5,2.2,290,2.4,1016.3,1019.9,74,0.26,360
129,2018-01-17 18:00,4.2,2.2,360,1,1016.4,1020,74,0.04,0
129,2018-01-17 19:00,2.9,2.2,360,0.5,1016.7,1020.3,80,0,0
129,2018-01-17 20:00,1.2,2.2,0,0.4,1016.9,1020.6,90,0,0
129,2018-01-17 21:00,1,2.2,0,0.4,1017.7,1021.4,94,0,0
129,2018-01-17 22:00,1.9,2.2,140,1.3,1017.9,1021.5,92,0,0
129,2018-01-17 23:00,1.4,2.2,0,0.1,1018.2,1021.9,95,0,0
129,2018-01-18 0:00,1.7,2.2,200,0.6,1018.4,1022.1,95,0,0
129,2018-01-18 1:00,2.2,0,0,0.3,1018,1021.6,97,0,0
129,2018-01-18 2:00,2.5,0,0,0.2,1018.5,1022.1,98,0,0
129,2018-01-18 3:00,2.5,0,20,1.1,1019,1022.6,98,0,0
129,2018-01-18 4:00,2,0,0,0.4,1018.5,1022.1,98,0,0
129,2018-01-18 5:00,1.1,0,0,0.1,1018.6,1022.3,98,0,0
129,2018-01-18 6:00,0.7,0,20,0.8,1018.8,1022.5,97,0,0
129,2018-01-18 7:00,-0.3,0,0,0.3,1019.3,1023,97,0,0
129,2018-01-18 8:00,-0.8,0,70,0.7,1019.5,1023.2,97,0,0
129,2018-01-18 9:00,-0.1,0,0,0,1020.4,1024.1,98,0.12,0
129,2018-01-18 10:00,1.1,0,0,0,1021.2,1024.9,98,0.32,0
129,2018-01-18 11:00,3.2,0,0,0.3,1021.5,1025.1,88,0.61,0
129,2018-01-18 12:00,4.1,0,340,2.9,1021.3,1024.9,68,0.81,0
129,2018-01-18 13:00,4.7,0,360,2,1020.6,1024.2,65,1.22,1440
129,2018-01-18 14:00,4.5,0,360,1.9,1020.8,1024.4,61,0.95,1440
129,2018-01-18 15:00,4.4,0,340,2.7,1020.6,1024.2,65,1.18,3600
129,2018-01-18 16:00,3.6,0,320,2.6,1021.1,1024.7,65,0.64,0
129,2018-01-18 17:00,2.8,0,340,1.9,1021.2,1024.8,66,0.25,0
129,2018-01-18 18:00,2,0,340,1.5,1021.8,1025.5,70,0.04,0
129,2018-01-18 19:00,1.5,0,340,0.8,1022.1,1025.8,73,0,0
129,2018-01-18 20:00,0.6,0,50,0.8,1022.3,1026,77,0,0
129,2018-01-18 21:00,0.7,0,50,1,1022.7,1026.4,70,0,0
129,2018-01-18 22:00,0.2,0,90,0.9,1022.8,1026.5,73,0,0
129,2018-01-18 23:00,-0.7,0,0,0.4,1022.9,1026.6,81,0,0
129,2018-01-19 0:00,-0.5,0,50,1.1,1022.7,1026.4,74,0,0
129,2018-01-19 1:00,0,0,20,2.1,1022.9,1026.6,70,0,0
129,2018-01-19 2:00,-0.8,0,20,1.1,1023,1026.7,70,0,0
129,2018-01-19 3:00,-2.3,0,0,0.4,1022.9,1026.6,81,0,0
129,2018-01-19 4:00,-2.9,0,0,0.3,1022.7,1026.4,88,0,0
129,2018-01-19 5:00,-3,0,0,0.2,1022.5,1026.2,89,0,0
129,2018-01-19 6:00,-3.5,0,0,0.2,1022.3,1026,88,0,0
129,2018-01-19 7:00,-4.5,0,0,0.2,1023.5,1027.3,91,0,0
129,2018-01-19 8:00,-4.5,0,0,0.3,1023.4,1027.2,92,0.01,0
129,2018-01-19 9:00,-2.5,0,0,0.4,1023.1,1026.8,88,0.29,1440
129,2018-01-19 10:00,-0.6,0,0,0.1,1023.9,1027.6,68,0.74,3240
129,2018-01-19 11:00,2,0,70,1.2,1023.2,1026.9,45,1.64,3600
129,2018-01-19 12:00,3,0,360,1.5,1022.4,1026,36,1.59,3600
129,2018-01-19 13:00,4.3,0,340,2.5,1022,1025.6,27,1.84,3600
129,2018-01-19 14:00,4.9,0,20,1.8,1020.8,1024.4,28,1.79,3600
129,2018-01-19 15:00,5.2,0,360,1.4,1019.9,1023.5,32,1.47,3600
129,2018-01-19 16:00,4.5,0,360,2.9,1020,1023.6,39,1.03,3600
129,2018-01-19 17:00,3.7,0,340,2.6,1019.9,1023.5,41,0.56,3600
129,2018-01-19 18:00,1.8,0,340,1.2,1020.5,1024.2,50,0.08,1080
129,2018-01-19 19:00,-0.8,0,0,0.2,1020.8,1024.5,67,0,0
129,2018-01-19 20:00,-1.8,0,0,0,1020.5,1024.2,73,0,0
129,2018-01-19 21:00,-2.6,0,0,0.3,1020.5,1024.2,78,0,0
129,2018-01-19 22:00,-2.9,0,140,0.5,1020.9,1024.6,77,0,0
129,2018-01-19 23:00,-3.1,0,0,0.3,1020.8,1024.5,81,0,0
129,2018-01-20 0:00,-3.8,0,0,0.1,1020.8,1024.5,84,0,0
129,2018-01-20 1:00,-4.2,0,0,0.1,1020.6,1024.3,85,0,0
129,2018-01-20 2:00,-5,0,0,0.2,1020.4,1024.2,90,0,0
129,2018-01-20 3:00,-4.6,0,0,0.4,1020.6,1024.4,88,0,0
129,2018-01-20 4:00,-4.7,0,0,0,1020.2,1024,87,0,0
129,2018-01-20 5:00,-4.8,0,0,0.4,1019.9,1023.7,89,0,0
129,2018-01-20 6:00,-5,0,0,0,1019.8,1023.6,89,0,0
129,2018-01-20 7:00,-5.3,0,0,0.1,1019.8,1023.6,90,0,0
129,2018-01-20 8:00,-4.7,0,0,0,1020.1,1023.8,89,0.01,0
129,2018-01-20 9:00,-2.6,0,0,0.2,1020.8,1024.5,82,0.19,0
129,2018-01-20 10:00,0.2,0,320,0.7,1020.8,1024.5,63,0.65,2880
129,2018-01-20 11:00,3.1,0,250,1.9,1021,1024.6,61,1.26,3600
129,2018-01-20 12:00,4.2,0,200,3.2,1020.6,1024.2,60,1.46,3240
129,2018-01-20 13:00,5.7,0,230,2.4,1019.6,1023.2,64,1.44,3600
129,2018-01-20 14:00,5.7,0,230,2.5,1019,1022.6,66,0.99,1800
129,2018-01-20 15:00,6.3,0,250,3.3,1018.8,1022.4,70,1.37,2880
129,2018-01-20 16:00,5.4,0,200,2.2,1018.7,1022.3,73,0.51,1440
129,2018-01-20 17:00,4.9,0,200,1.2,1018.9,1022.5,77,0.22,0
129,2018-01-20 18:00,2.5,0,0,0.1,1019.4,1023,85,0.04,0
129,2018-01-20 19:00,0.8,0,0,0.4,1020,1023.7,90,0,0
129,2018-01-20 20:00,0,0,0,0.3,1020.4,1024.1,89,0,0
129,2018-01-20 21:00,1.3,0,50,0.5,1020.6,1024.3,88,0,0
129,2018-01-20 22:00,-0.9,0,360,0.6,1021.1,1024.8,93,0,0
129,2018-01-20 23:00,-1.8,0,50,1,1021.4,1025.1,95,0,0
129,2018-01-21 0:00,0.3,0,20,1.9,1021.6,1025.3,80,0,0
129,2018-01-21 1:00,-1.2,0,50,0.7,1021.3,1025,82,0,0
129,2018-01-21 2:00,-2,0,50,0.8,1021.6,1025.3,80,0,0
129,2018-01-21 3:00,-1.2,0,50,1.3,1021.5,1025.2,65,0,0
129,2018-01-21 4:00,-2.9,0,50,0.8,1021.3,1025,75,0,0
129,2018-01-21 5:00,-2.4,0,50,1.1,1021.2,1024.9,66,0,0
129,2018-01-21 6:00,-4,0,360,0.5,1021.1,1024.8,75,0,0
129,2018-01-21 7:00,-3.4,0,50,1.5,1021,1024.7,67,0,0
129,2018-01-21 8:00,-3.6,0,20,1.2,1021.2,1024.9,68,0,0
129,2018-01-21 9:00,-1.6,0,50,1,1022.2,1025.9,66,0.31,2520
129,2018-01-21 10:00,0.8,0,50,0.7,1022.4,1026.1,62,0.92,3600
129,2018-01-21 11:00,1.8,0,230,1,1023.1,1026.8,60,1.41,3600
129,2018-01-21 12:00,3.5,0,160,1.4,1022,1025.6,34,1.74,3600
129,2018-01-21 13:00,4.9,0,70,0.7,1020.9,1024.5,27,1.91,3600
129,2018-01-21 14:00,5.2,0,340,1,1020.1,1023.7,27,1.68,3600
129,2018-01-21 15:00,5.5,0,50,0.8,1019.9,1023.5,27,1.27,3600
129,2018-01-21 16:00,4.6,0,340,2.1,1019.4,1023,40,0.73,1080
129,2018-01-21 17:00,2.7,0,20,1.9,1019.3,1022.9,44,0.32,0
129,2018-01-21 18:00,0.9,0,360,1.2,1019.6,1023.3,52,0.05,0
129,2018-01-21 19:00,0.3,0,50,1.5,1019.7,1023.4,51,0,0
129,2018-01-21 20:00,0.1,0,50,0.8,1019.1,1022.8,50,0,0
129,2018-01-21 21:00,0.4,0,50,1.1,1018.7,1022.4,50,0,0
129,2018-01-21 22:00,0.4,0,20,1.7,1018.4,1022.1,52,0,0
129,2018-01-21 23:00,0.1,0,20,0.8,1018.4,1022.1,58,0,0
129,2018-01-22 0:00,0.1,0,50,0.7,1017.6,1021.3,58,0,0
129,2018-01-22 1:00,0.5,0,20,0.8,1017.2,1020.9,52,0,0
129,2018-01-22 2:00,-0.1,0,360,0.7,1017.2,1020.9,62,0,0
129,2018-01-22 3:00,0.3,0,70,1.8,1017.2,1020.9,56,0,0
129,2018-01-22 4:00,0.7,0,50,1.1,1016.4,1020.1,49,0,0
129,2018-01-22 5:00,0.2,0,50,0.8,1016.1,1019.8,52,0,0
129,2018-01-22 6:00,0.6,0,20,0.6,1015.7,1019.4,55,0,0
129,2018-01-22 7:00,0.2,0,290,0.6,1014.9,1018.6,66,0,0
129,2018-01-22 8:00,0.1,0,360,1,1014.4,1018.1,63,0,0
129,2018-01-22 9:00,1.3,0,0,0.3,1013.8,1017.4,62,0.11,0
129,2018-01-22 10:00,2.8,0,0,0.4,1013.6,1017.2,58,0.47,1440
129,2018-01-22 11:00,5.1,0,270,1.5,1013,1016.6,52,1.01,3600
129,2018-01-22 12:00,5.9,0,250,1.8,1012.1,1015.7,49,1.19,3240
129,2018-01-22 13:00,6.4,0,200,3.7,1010.4,1014,48,1.16,1440
129,2018-01-22 14:00,6.8,0,200,4.6,1009.5,1013,42,1.04,1800
129,2018-01-22 15:00,6.1,0,200,4.1,1008.7,1012.3,51,0.47,0
129,2018-01-22 16:00,3.7,0,230,2.8,1009,1012.6,86,0.14,0
129,2018-01-22 17:00,3.4,0,250,2.4,1009,1012.6,94,0.06,0
129,2018-01-22 18:00,3.6,1.3,290,3.7,1009.4,1013,92,0.01,0
129,2018-01-22 19:00,0.2,1.3,340,3.8,1011.5,1015.2,93,0,0
129,2018-01-22 20:00,0.3,1.3,320,4.1,1012.5,1016.2,84,0,0
129,2018-01-22 21:00,-0.6,1.3,320,5.6,1013.5,1017.2,79,0,0
129,2018-01-22 22:00,-1.1,1.3,320,4.1,1014.4,1018.1,77,0,0
129,2018-01-22 23:00,-1.6,1.3,320,3.1,1015.3,1019,74,0,0
129,2018-01-23 0:00,-2.6,1.3,340,3.7,1015.6,1019.3,69,0,0
129,2018-01-23 1:00,-2.9,0,320,5.6,1015.9,1019.6,66,0,0
129,2018-01-23 2:00,-4.7,0,340,4.7,1016.6,1020.3,56,0,0
129,2018-01-23 3:00,-6,0,340,4.6,1017.5,1021.3,51,0,0
129,2018-01-23 4:00,-6.5,0,340,3.7,1018,1021.8,51,0,0
129,2018-01-23 5:00,-6.4,0,320,3.8,1018.4,1022.2,49,0,0
129,2018-01-23 6:00,-7,0,340,6.3,1019.2,1023,45,0,0
129,2018-01-23 7:00,-8.1,0,320,7.1,1020.6,1024.4,55,0,0
129,2018-01-23 8:00,-9.1,0,340,6.5,1022.2,1026,49,0,0
129,2018-01-23 9:00,-9.1,0,340,5.9,1023.3,1027.1,51,0.21,1800
129,2018-01-23 10:00,-8.5,0,340,4.9,1024.1,1027.9,43,0.88,3600
129,2018-01-23 11:00,-8.2,0,340,4.8,1024.3,1028.1,47,1.54,3600
129,2018-01-23 12:00,-8.2,0,360,4.6,1023.5,1027.3,48,2.01,3600
129,2018-01-23 13:00,-7.3,0,360,3.8,1022.7,1026.5,48,2.22,3600
129,2018-01-23 14:00,-7.4,0,360,3.2,1021.8,1025.6,49,2.17,3600
129,2018-01-23 15:00,-7.3,0,340,3.6,1021.4,1025.2,49,1.86,3600
129,2018-01-23 16:00,-8.4,0,360,3.2,1021.6,1025.4,59,0.9,3600
129,2018-01-23 17:00,-9.1,0,360,1.7,1021.6,1025.4,65,0.52,2880
129,2018-01-23 18:00,-9.5,0,20,1.9,1021.7,1025.5,78,0.08,720
129,2018-01-23 19:00,-9.5,0,50,1.1,1022.4,1026.2,85,0,0
129,2018-01-23 20:00,-9.4,0,20,2.3,1022.5,1026.3,83,0,0
129,2018-01-23 21:00,-9,0.4,360,2.9,1022.8,1026.6,74,0,0
129,2018-01-23 22:00,-9.2,0.4,360,3.4,1023.4,1027.2,72,0,0
129,2018-01-23 23:00,-9.7,0.4,360,5.1,1024,1027.8,75,0,0
129,2018-01-24 0:00,-10.3,0.5,20,5.1,1024.3,1028.1,58,0,0
129,2018-01-24 1:00,-10.9,0,360,4.5,1025,1028.9,51,0,0
129,2018-01-24 2:00,-11.6,0,20,4,1025.6,1029.5,51,0,0
129,2018-01-24 3:00,-11.5,0,20,4.1,1025.8,1029.7,45,0,0
129,2018-01-24 4:00,-11.7,0,20,5,1025.6,1029.5,47,0,0
129,2018-01-24 5:00,-12.3,0,20,2.7,1025.9,1029.8,50,0,0
129,2018-01-24 6:00,-13,0,50,1.8,1026.1,1030,50,0,0
129,2018-01-24 7:00,-13.3,0,50,1.9,1026.6,1030.5,53,0,0
129,2018-01-24 8:00,-12.9,0,50,2,1027.2,1031.1,53,0.01,0
129,2018-01-24 9:00,-11.9,0,20,2.9,1027.5,1031.4,53,0.23,0
129,2018-01-24 10:00,-11.1,0,360,5.1,1028.1,1032,51,0.88,3600
129,2018-01-24 11:00,-10.3,0,360,4.5,1028,1031.9,51,1.38,3600
129,2018-01-24 12:00,-9.7,0,360,5.1,1027.3,1031.1,54,1.39,3600
129,2018-01-24 13:00,-9.8,0,360,4.9,1026.8,1030.6,57,1.39,2880
129,2018-01-24 14:00,-9,0,360,4.7,1026.2,1030,55,1.22,1800
129,2018-01-24 15:00,-9.4,0,360,4.8,1026.3,1030.1,58,1.08,2160
129,2018-01-24 16:00,-9,0,360,3.9,1026.2,1030,55,0.68,1440
129,2018-01-24 17:00,-9.6,0,360,3.8,1025.9,1029.7,63,0.58,2880
129,2018-01-24 18:00,-10,0,340,2.7,1025.6,1029.4,60,0.09,720
129,2018-01-24 19:00,-10.5,0,340,3.4,1026.2,1030.1,62,0,0
129,2018-01-24 20:00,-10.5,0,360,2.8,1026.4,1030.3,62,0,0
129,2018-01-24 21:00,-10.6,0,360,2.7,1026.7,1030.6,63,0,0
129,2018-01-24 22:00,-10.9,0,360,3.4,1027,1030.9,63,0,0
129,2018-01-24 23:00,-11.7,0,20,2.4,1027.1,1031,63,0,0
129,2018-01-25 0:00,-11.8,0,360,2.6,1027.2,1031.1,61,0,0
129,2018-01-25 1:00,-12.6,0,20,2.4,1027.6,1031.5,61,0,0
129,2018-01-25 2:00,-12.7,0,50,1.8,1028.4,1032.3,58,0,0
129,2018-01-25 3:00,-12.8,0,50,2,1027.9,1031.8,59,0,0
129,2018-01-25 4:00,-12.6,0,50,1,1027.6,1031.5,65,0,0
129,2018-01-25 5:00,-13,0,70,0.7,1027.6,1031.5,66,0,0
129,2018-01-25 6:00,-12.8,0,20,0.6,1028.1,1032,70,0,0
129,2018-01-25 7:00,-11.9,0,360,1.3,1028.6,1032.5,67,0,0
129,2018-01-25 8:00,-11.4,0,340,3.5,1028.4,1032.3,57,0.01,0
129,2018-01-25 9:00,-10.7,0,360,3.9,1028.7,1032.6,54,0.29,1440
129,2018-01-25 10:00,-10.5,0,340,5.1,1029.1,1033,49,0.93,3600
129,2018-01-25 11:00,-10,0,360,4.9,1029.3,1033.2,48,1.44,3600
129,2018-01-25 12:00,-9,0,360,3.9,1028.6,1032.4,48,1.97,3600
129,2018-01-25 13:00,-9,0,340,4.7,1027.8,1031.6,46,2.24,3600
129,2018-01-25 14:00,-8.5,0,340,4.7,1027.1,1030.9,46,2.14,3600
129,2018-01-25 15:00,-8,0,340,4.9,1026.7,1030.5,50,1.92,3600
129,2018-01-25 16:00,-8.7,0,340,5.7,1026.7,1030.5,49,1.2,3600
129,2018-01-25 17:00,-8.8,0,340,3.8,1026.5,1030.3,50,0.46,360
129,2018-01-25 18:00,-9.3,0,340,4.3,1026.6,1030.4,52,0.07,0
129,2018-01-25 19:00,-9.8,0,360,3.4,1026.8,1030.6,55,0,0
129,2018-01-25 20:00,-10.3,0,340,3.7,1026.7,1030.6,60,0,0
129,2018-01-25 21:00,-11.1,0,360,4.2,1026.7,1030.6,56,0,0
129,2018-01-25 22:00,-11.5,0,360,4,1026.8,1030.7,57,0,0
129,2018-01-25 23:00,-11.6,0,360,4.4,1026.5,1030.4,55,0,0
129,2018-01-26 0:00,-11.6,0,360,3.4,1026.7,1030.6,57,0,0
129,2018-01-26 1:00,-11.4,0,360,3.4,1026.2,1030.1,59,0,0
129,2018-01-26 2:00,-11.6,0,360,3.9,1026.5,1030.4,59,0,0
129,2018-01-26 3:00,-11.9,0,360,3.4,1027.1,1031,59,0,0
129,2018-01-26 4:00,-12.1,0,340,3.7,1027,1030.9,62,0,0
129,2018-01-26 5:00,-12.3,0,340,3.7,1026.9,1030.8,59,0,0
129,2018-01-26 6:00,-12.8,0,340,1.5,1027,1030.9,60,0,0
129,2018-01-26 7:00,-13,0,340,2.9,1027.4,1031.3,62,0,0
129,2018-01-26 8:00,-12.8,0,360,3.3,1027.9,1031.8,60,0.01,0
129,2018-01-26 9:00,-11.7,0,340,3.8,1028.4,1032.3,55,0.39,2880
129,2018-01-26 10:00,-11.4,0,320,5.5,1028.6,1032.5,58,0.91,3240
129,2018-01-26 11:00,-10.6,0,320,5.6,1028.5,1032.4,57,1.34,3600
129,2018-01-26 12:00,-10.1,0,340,5.4,1027.8,1031.7,55,1.95,3600
129,2018-01-26 13:00,-9.1,0,320,5.6,1026.8,1030.6,54,2.17,3600
129,2018-01-26 14:00,-9.5,0,340,4.6,1026.6,1030.4,57,1.58,3600
129,2018-01-26 15:00,-9.3,0,340,4.3,1026,1029.8,53,1.39,3240
129,2018-01-26 16:00,-9.5,0,340,3.5,1026.5,1030.3,55,1.19,3600
129,2018-01-26 17:00,-10.3,0,320,4.6,1026.4,1030.2,59,0.57,3600
129,2018-01-26 18:00,-11.3,0,340,2.3,1026.4,1030.3,60,0.08,1440
129,2018-01-26 19:00,-11.9,0,360,1.4,1027.2,1031.1,60,0,0
129,2018-01-26 20:00,-12.2,0,20,0.7,1027.2,1031.1,60,0,0
129,2018-01-26 21:00,-13.4,0,50,1.2,1027.2,1031.1,68,0,0
129,2018-01-26 22:00,-13.3,0,70,1.1,1028,1031.9,62,0,0
129,2018-01-26 23:00,-13.5,0,50,1.1,1028.2,1032.1,60,0,0
129,2018-01-27 0:00,-14.4,0,20,0.6,1028.1,1032,63,0,0
129,2018-01-27 1:00,-14.2,0,70,1.5,1027.7,1031.6,67,0,0
129,2018-01-27 2:00,-13.9,0,50,0.7,1028.4,1032.3,64,0,0
129,2018-01-27 3:00,-14.2,0,70,0.8,1029,1032.9,65,0,0
129,2018-01-27 4:00,-15.5,0,0,0,1028.9,1032.8,75,0,0
129,2018-01-27 5:00,-15.6,0,20,0.6,1028,1031.9,76,0,0
129,2018-01-27 6:00,-15.5,0,360,0.7,1028.2,1032.1,74,0,0
129,2018-01-27 7:00,-14.2,0,50,2.4,1027.6,1031.5,54,0,0
129,2018-01-27 8:00,-14.3,0,50,1.3,1027.9,1031.8,55,0.01,0
129,2018-01-27 9:00,-12.1,0,50,1.1,1028.1,1032,48,0.38,2880
129,2018-01-27 10:00,-10.1,0,50,2,1028.3,1032.2,40,1.04,3600
129,2018-01-27 11:00,-8.4,0,20,1.7,1028.3,1032.1,38,1.61,3600
129,2018-01-27 12:00,-6.9,0,360,1.9,1027.8,1031.6,37,2,3600
129,2018-01-27 13:00,-5.1,0,360,3.5,1025.9,1029.7,31,2.21,3600
129,2018-01-27 14:00,-4.4,0,340,3.1,1025.3,1029.1,31,2.18,3600
129,2018-01-27 15:00,-4.4,0,360,2.5,1025,1028.8,31,1.91,3600
129,2018-01-27 16:00,-4.2,0,320,3.3,1024.6,1028.4,40,1.4,3600
129,2018-01-27 17:00,-4.8,0,360,1.9,1024.1,1027.9,44,0.74,3600
129,2018-01-27 18:00,-6,0,360,2.1,1023.5,1027.3,50,0.1,720
129,2018-01-27 19:00,-6.7,0,360,1.9,1023.6,1027.4,51,0,0
129,2018-01-27 20:00,-7.4,0,70,0.8,1023.8,1027.6,55,0,0
129,2018-01-27 21:00,-6.8,0,70,1.2,1023.8,1027.6,56,0,0
129,2018-01-27 22:00,-6.9,0,70,1.2,1023,1026.8,58,0,0
129,2018-01-27 23:00,-6.3,0,0,0.4,1022.9,1026.7,58,0,0
129,2018-01-28 0:00,-6.4,0,180,1.1,1023.1,1026.9,61,0,0
129,2018-01-28 1:00,-6.1,0,0,0.1,1022.6,1026.4,63,0,0
129,2018-01-28 2:00,-5.9,0,0,0.3,1022.4,1026.2,60,0,0
129,2018-01-28 3:00,-5.9,0,50,0.7,1021.9,1025.7,62,0,0
129,2018-01-28 4:00,-5.8,0,0,0.3,1021.6,1025.4,67,0,0
129,2018-01-28 5:00,-5.6,0,20,0.8,1020.9,1024.7,65,0,0
129,2018-01-28 6:00,-5.2,0,50,0.8,1020.2,1024,62,0,0
129,2018-01-28 7:00,-6.3,0,140,1,1020.3,1024.1,70,0,0
129,2018-01-28 8:00,-7.7,0,140,0.5,1020.6,1024.4,77,0,0
129,2018-01-28 9:00,-5.3,0,0,0.2,1020.5,1024.3,66,0.32,2520
129,2018-01-28 10:00,-3.2,0,360,1.2,1020.7,1024.4,43,0.94,3600
129,2018-01-28 11:00,-1.9,0,50,1.8,1019.8,1023.5,37,1.49,3600
129,2018-01-28 12:00,-1.1,0,360,2.1,1019.2,1022.9,36,1.86,3600
129,2018-01-28 13:00,-0.5,0,340,4,1018.7,1022.4,39,2.02,3600
129,2018-01-28 14:00,-0.1,0,320,3.3,1017.9,1021.6,42,1.92,3600
129,2018-01-28 15:00,-1.2,0,340,5,1017.8,1021.5,50,1.47,3600
129,2018-01-28 16:00,-2.2,0,320,5.6,1018.8,1022.5,59,0.78,2160
129,2018-01-28 17:00,-3.2,0,340,2.6,1018.8,1022.5,72,0.23,0
129,2018-01-28 18:00,-3.1,0,340,3.8,1019.3,1023,54,0.12,0
129,2018-01-28 19:00,-4,0,340,3.2,1020.1,1023.8,49,0,0
129,2018-01-28 20:00,-4.5,0,340,4.2,1021.1,1024.9,45,0,0
129,2018-01-28 21:00,-5.1,0,320,2.8,1020.7,1024.5,51,0,0
129,2018-01-28 22:00,-5.8,0,320,1.9,1020.7,1024.5,55,0,0
129,2018-01-28 23:00,-6.5,0,0,0.3,1020.7,1024.5,60,0,0
129,2018-01-29 0:00,-8.5,0,90,0.8,1020.3,1024.1,70,0,0
129,2018-01-29 1:00,-7.1,0,50,1.4,1020.2,1024,66,0,0
129,2018-01-29 2:00,-6.2,0,70,0.9,1020.4,1024.2,66,0,0
129,2018-01-29 3:00,-6.4,0,180,0.6,1020.3,1024.1,73,0,0
129,2018-01-29 4:00,-6.1,0,360,4.6,1020.3,1024.1,73,0,0
129,2018-01-29 5:00,-7.3,0,20,2,1020,1023.8,67,0,0
129,2018-01-29 6:00,-7.6,0,360,2.2,1020.5,1024.3,48,0,0
129,2018-01-29 7:00,-8.4,0,50,1,1020.2,1024,47,0,0
129,2018-01-29 8:00,-8.9,0,0,0.1,1021,1024.8,60,0.01,0
129,2018-01-29 9:00,-6.7,0,50,1.2,1021.3,1025.1,48,0.22,720
129,2018-01-29 10:00,-6.2,0,360,3.8,1021.6,1025.4,48,0.72,1800
129,2018-01-29 11:00,-5.6,0,360,3.9,1022.1,1025.9,42,1.3,3600
129,2018-01-29 12:00,-5.5,0,360,4.1,1021.8,1025.6,37,2.02,3600
129,2018-01-29 13:00,-5.1,0,320,6,1021.3,1025.1,38,2.22,3600
129,2018-01-29 14:00,-4.4,0,320,5.1,1020.9,1024.6,40,2.21,3600
129,2018-01-29 15:00,-4.4,0,320,4.8,1020.8,1024.5,42,1.64,3600
129,2018-01-29 16:00,-5.3,0,320,3.5,1021.3,1025.1,45,1.35,3600
129,2018-01-29 17:00,-5.4,0,320,2.7,1021.6,1025.4,53,0.62,3600
129,2018-01-29 18:00,-6.1,0,250,1.1,1021.6,1025.4,60,0.08,0
129,2018-01-29 19:00,-5.8,0,320,2.1,1022,1025.8,67,0,0
129,2018-01-29 20:00,-6.1,0,200,1.4,1022,1025.8,75,0,0
129,2018-01-29 21:00,-6,0,230,1.1,1022.3,1026.1,77,0,0
129,2018-01-29 22:00,-4.9,0,340,3.2,1022.5,1026.3,62,0,0
129,2018-01-29 23:00,-6,0,20,1.8,1022.6,1026.4,58,0,0
129,2018-01-30 0:00,-7.4,0,50,1.1,1022.9,1026.7,64,0,0
129,2018-01-30 1:00,-8.1,0,70,1,1022.7,1026.5,65,0,0
129,2018-01-30 2:00,-9.1,0,0,0.4,1022.8,1026.6,73,0,0
129,2018-01-30 3:00,-9.1,0,0,0.4,1023.4,1027.2,76,0,0
129,2018-01-30 4:00,-9.3,0,200,1.2,1023.5,1027.3,74,0,0
129,2018-01-30 5:00,-10.5,0,180,1.1,1023.8,1027.6,78,0,0
129,2018-01-30 6:00,-11.8,0,20,0.8,1023.3,1027.2,84,0,0
129,2018-01-30 7:00,-12.1,0,0,0.4,1023.4,1027.3,86,0,0
129,2018-01-30 8:00,-12.5,0,0,0.2,1024.2,1028.1,86,0.01,0
129,2018-01-30 9:00,-9,0,0,0,1024.3,1028.1,80,0.54,2880
129,2018-01-30 10:00,-5.8,0,320,0.7,1024.2,1028,73,1.1,3600
129,2018-01-30 11:00,-3.2,0,230,2.2,1024.2,1027.9,52,1.79,3600
129,2018-01-30 12:00,-1.6,0,270,1.7,1023.4,1027.1,47,2.04,3600
129,2018-01-30 13:00,-0.6,0,230,4.2,1022.9,1026.6,49,2.11,3600
129,2018-01-30 14:00,-0.6,0,250,5,1022.9,1026.6,59,1.55,3600
129,2018-01-30 15:00,-2.2,0,200,4.1,1022.8,1026.5,85,0.89,720
129,2018-01-30 16:00,-2.2,0,180,4.6,1022.4,1026.1,91,0.51,0
129,2018-01-30 17:00,-2.3,0,180,3.1,1022.4,1026.1,91,0.3,1440
129,2018-01-30 18:00,-2.2,0,180,3,1022.4,1026.1,91,0.11,0
129,2018-01-30 19:00,-2.2,0,180,3,1022.5,1026.2,91,0,0
129,2018-01-30 20:00,-2.3,0,180,2,1022.7,1026.4,89,0,0
129,2018-01-30 21:00,-2.6,0,230,1.2,1023.1,1026.8,91,0,0
129,2018-01-30 22:00,-3.6,0,0,0.4,1023.5,1027.2,92,0,0
129,2018-01-30 23:00,-4.6,0,270,0.9,1023.8,1027.6,94,0,0
129,2018-01-31 0:00,-5.1,0,180,0.7,1024.3,1028.1,96,0,0
129,2018-01-31 1:00,-4.8,0,360,0.5,1023.9,1027.7,96,0,0
129,2018-01-31 2:00,-4.9,0,0,0.3,1023.9,1027.7,95,0,0
129,2018-01-31 3:00,-4.6,0,110,0.7,1023.8,1027.6,96,0,0
129,2018-01-31 4:00,-5,0,0,0.4,1023.2,1027,95,0,0
129,2018-01-31 5:00,-5.1,0,0,0.4,1023.7,1027.5,95,0,0
129,2018-01-31 6:00,-5.7,0,0,0.4,1024.4,1028.2,93,0,0
129,2018-01-31 7:00,-5.5,0,0,0,1024.8,1028.6,92,0,0
129,2018-01-31 8:00,-5.1,0,70,1.2,1025,1028.8,91,0.01,0
129,2018-01-31 9:00,-2.7,0,90,0.5,1025.7,1029.4,85,0.34,2520
129,2018-01-31 10:00,0.3,0,20,1.4,1025.6,1029.3,57,0.9,3600
129,2018-01-31 11:00,0.9,0,50,1.5,1025.3,1029,41,0.88,2880
129,2018-01-31 12:00,0.9,0,20,2.4,1024.8,1028.5,37,0.85,360
129,2018-01-31 13:00,0.9,0,20,2.4,1024.1,1027.8,32,0.93,0
129,2018-01-31 14:00,1,0,50,1.1,1024.1,1027.8,29,0.93,360
129,2018-01-31 15:00,0.9,0,20,2,1023.4,1027.1,29,0.57,0
129,2018-01-31 16:00,0.9,0,20,2.6,1023.7,1027.4,29,0.71,0
129,2018-01-31 17:00,0,0,360,1.5,1024,1027.7,32,0.3,0
129,2018-01-31 18:00,-0.6,0,20,1.5,1024.2,1027.9,37,0.05,0
129,2018-01-31 19:00,-1.2,0,20,2.3,1024.5,1028.2,42,0,0
129,2018-01-31 20:00,-1.4,0,50,0.9,1025.2,1028.9,45,0,0
129,2018-01-31 21:00,-1.5,0,50,1.1,1025.6,1029.3,42,0,0
129,2018-01-31 22:00,-2.1,0,0,0.4,1025.7,1029.4,47,0,0
129,2018-01-31 23:00,-3.8,0,20,0.7,1025.8,1029.6,54,0,0
